geographySK,homeAddress,city,state,zipcode,country
100001,8239 Neal Villages,South Aaron,Iowa,1782,United States of America
100002,45056 Mcintosh Parkway,South Erin,North Carolina,79975,United States of America
100003,6015 Mark Heights Suite 758,South Jessica,Maryland,19282,United States of America
100004,85277 Gray Keys,Perrytown,Louisiana,2356,United States of America
100005,124 Randolph Rest,Wadefurt,Texas,93718,United States of America
100006,9611 Fernandez Haven Suite 904,West Kylefurt,Maryland,76199,United States of America
100007,95344 April Crescent Suite 201,New Alexmouth,Texas,57334,United States of America
100008,314 Jessica Circle,Ramosview,New Mexico,54745,United States of America
100009,2353 Daniels Views Suite 196,South Manuelburgh,Montana,1570,United States of America
100010,493 Malone Camp Apt. 000,Stephanietown,New Jersey,53397,United States of America
100011,634 Sanchez Stream Suite 367,Gordonfurt,Florida,91927,United States of America
100012,6380 Johnson Brook Suite 737,West Danielborough,Hawaii,40968,United States of America
100013,91541 Moreno Shore,Markstad,North Dakota,38382,United States of America
100014,3239 Hernandez Circles Suite 045,Vanessaborough,Michigan,60044,United States of America
100015,218 Rachel Estates,South Jeffrey,Vermont,69226,United States of America
100016,048 Morrison Mews Apt. 070,Elizabethhaven,Alabama,16850,United States of America
100017,11807 Sparks Green Suite 760,West Jerry,Louisiana,39324,United States of America
100018,06964 Michael Port,Amberton,Alaska,82778,United States of America
100019,78171 King Ways,East Jaime,Minnesota,91721,United States of America
100020,7894 Gonzales Station Apt. 640,Blanchardshire,Ohio,60538,United States of America
100021,99478 Meghan Lane,Andrewhaven,Massachusetts,13874,United States of America
100022,30650 Sarah Place Suite 483,South Jenniferland,Alabama,37289,United States of America
100023,250 Taylor Rue,Virginiamouth,West Virginia,86059,United States of America
100024,077 Moreno Underpass,Lake Jonside,West Virginia,95168,United States of America
100025,4922 Michael Forks,North Paul,Colorado,54882,United States of America
100026,302 Williams Haven Apt. 990,Jamesshire,Ohio,38593,United States of America
100027,7946 Williams Stream Apt. 371,Hawkinsfort,Kansas,11853,United States of America
100028,594 Diane Rue,East Jamie,Missouri,1219,United States of America
100029,38432 Jennifer Springs,Raymondmouth,Missouri,93055,United States of America
100030,74767 Kevin Burgs,Elizabethborough,Louisiana,17125,United States of America
100031,973 Walker Loop Suite 835,New Erin,Indiana,70902,United States of America
100032,61856 Camacho Tunnel,Huberfurt,Vermont,91599,United States of America
100033,015 Mitchell Points Apt. 129,Kerrmouth,Louisiana,56470,United States of America
100034,205 Tabitha Radial,Alantown,Utah,68048,United States of America
100035,084 Lyons Roads Suite 058,Princeport,Oklahoma,86172,United States of America
100036,98487 Anthony Course Apt. 193,Christopherbury,New Jersey,53294,United States of America
100037,15060 Michelle Trace Suite 258,Travisborough,Massachusetts,55971,United States of America
100038,31112 Olson Freeway,New Brian,Maryland,34220,United States of America
100039,2190 Susan Wells,Zacharymouth,Illinois,93640,United States of America
100040,13210 Wright Plains,Lopezshire,Wisconsin,29099,United States of America
100041,295 Jennifer Meadow Suite 155,Skinnerhaven,New Hampshire,67649,United States of America
100042,95112 Mendoza Courts,North Sheila,Arkansas,40660,United States of America
100043,99646 Sanders Parkway Suite 210,North John,New Jersey,90457,United States of America
100044,43929 Maria Shore,New Levi,Iowa,54154,United States of America
100045,9851 Monica Spurs Apt. 366,West Joshua,Oregon,46497,United States of America
100046,4522 Michael Glens Apt. 071,Cassandrastad,Ohio,37249,United States of America
100047,38552 Amanda Row Apt. 115,Hodgeshaven,Nebraska,14803,United States of America
100048,6122 Moore Knolls Suite 718,Lisahaven,Kentucky,18033,United States of America
100049,907 Jason Views,Sharpport,Virginia,66822,United States of America
100050,441 Miller Ramp,Port Angelaberg,California,54001,United States of America
100051,5499 Walker Spring Apt. 654,Port Judybury,Idaho,33412,United States of America
100052,02111 Martinez Court,West Davidville,Kentucky,35044,United States of America
100053,937 Curtis Run Suite 629,North Joshuaport,Alaska,39605,United States of America
100054,042 Chad Mountain,Terranceshire,Missouri,12701,United States of America
100055,287 Kyle Skyway,New Jenniferfurt,Rhode Island,28451,United States of America
100056,9409 Vasquez Glen,Sanchezton,Hawaii,46518,United States of America
100057,1826 Valdez Fords Suite 844,West Jeanette,Vermont,84650,United States of America
100058,7744 Matthew Flat Apt. 971,Mccoyfort,South Carolina,26931,United States of America
100059,3489 Lisa Dale,Bryantown,Pennsylvania,80008,United States of America
100060,57315 Ana Lake Suite 000,West Markfurt,Nebraska,44453,United States of America
100061,069 Ramirez Ramp,Port Deborah,Tennessee,64794,United States of America
100062,977 Mary Lodge,Phillipsshire,North Carolina,99669,United States of America
100063,44003 Molina Cliffs,South Tammyfurt,Indiana,76974,United States of America
100064,0700 Davis Extension Suite 098,North Shannon,Pennsylvania,82163,United States of America
100065,5164 Miller Expressway,South Richard,Mississippi,34784,United States of America
100066,46358 Ford Park Apt. 031,West Lindsey,Oregon,78419,United States of America
100067,3447 Rodriguez Oval,West Kim,Alaska,14231,United States of America
100068,42298 Hendrix Ports,Lake Thomas,Maine,70723,United States of America
100069,772 Benjamin Club Apt. 534,Melissatown,Illinois,97573,United States of America
100070,3973 Hicks Point,Brooksstad,Idaho,60532,United States of America
100071,3478 Klein Stream,Mitchellstad,Kentucky,31840,United States of America
100072,454 Barr Dam Suite 101,Lake Michael,Idaho,82882,United States of America
100073,66576 April Flats,Cherylside,Indiana,42890,United States of America
100074,080 Rivera Bridge,Bishopberg,Arizona,82478,United States of America
100075,87609 Lauren Glens Suite 710,Nortonport,Arizona,20190,United States of America
100076,9742 Lewis Grove Suite 975,Russellstad,Indiana,34378,United States of America
100077,8120 Randy Street,New Angelica,Arkansas,43777,United States of America
100078,2196 Brock Center Suite 198,South Anna,Florida,50434,United States of America
100079,8369 Donald Run Apt. 509,Melindaberg,West Virginia,70354,United States of America
100080,5925 Melinda Wall,Cassieville,Indiana,46273,United States of America
100081,272 Jacqueline Loop Suite 145,West Mitchellburgh,Ohio,47141,United States of America
100082,093 Kathleen Manors Suite 411,Munozside,Wyoming,77122,United States of America
100083,3099 Miguel Tunnel Apt. 546,Kristachester,California,34546,United States of America
100084,4900 Chase Mission,Powersview,New York,49997,United States of America
100085,057 Ritter Lane Apt. 384,North Stacy,Washington,98295,United States of America
100086,182 Samantha Isle,Port Ronaldtown,Oregon,78040,United States of America
100087,7167 Smith Alley Suite 299,Port Ashley,Georgia,7365,United States of America
100088,669 Mary Roads Suite 461,East Lauren,Utah,19222,United States of America
100089,002 Lori Causeway Apt. 748,Lake Kristinestad,Washington,83082,United States of America
100090,00725 Cory Course Apt. 927,North Scotthaven,Kansas,6585,United States of America
100091,4991 Mccarthy Shoals,West Nancy,Minnesota,86355,United States of America
100092,631 Brian Circles,Lake Veronica,Iowa,85542,United States of America
100093,45996 David Stream Suite 750,North Gregoryfort,Oregon,38083,United States of America
100094,55260 Jennifer Mount Apt. 558,Port Elizabeth,Oklahoma,26289,United States of America
100095,01690 Collins Divide Apt. 991,Ryanfurt,Alabama,59142,United States of America
100096,325 Henry Brook Apt. 180,Josephland,Nevada,33442,United States of America
100097,2424 Andrew Glens Apt. 957,Port Michael,Minnesota,67234,United States of America
100098,62271 Rose Island Suite 469,Port Maureenton,New York,84483,United States of America
100099,9047 Lyons Orchard,Ortizfort,Iowa,45597,United States of America
100100,9822 Watson Drive Suite 703,Port Christophertown,New York,54453,United States of America
100101,97826 Thomas Ramp,East April,Oklahoma,81167,United States of America
100102,64411 Christopher Mission Apt. 996,Lake Tylerfurt,Colorado,88046,United States of America
100103,33104 Jennifer Island Suite 904,Port Melissa,Connecticut,78204,United States of America
100104,6564 Adrian Brooks Suite 501,Sheppardtown,Michigan,97654,United States of America
100105,10899 Daniel Cliffs Suite 153,Elliottburgh,Georgia,34263,United States of America
100106,1749 Mora Mall,Cruzport,Massachusetts,85063,United States of America
100107,54375 Alexander Flat Suite 717,Lake Ashleyside,New Hampshire,37434,United States of America
100108,7549 Evans Fall Apt. 840,Jenningsview,Iowa,71331,United States of America
100109,493 Smith Freeway,Portermouth,Idaho,92311,United States of America
100110,616 Graham Falls,West Kathy,New Hampshire,45557,United States of America
100111,52068 Jones Canyon,Thomasport,South Dakota,53565,United States of America
100112,43847 Alvarado Park Suite 751,Millerburgh,Washington,36218,United States of America
100113,4295 Lauren Springs,East Clayton,West Virginia,68038,United States of America
100114,816 Johnson Harbors Suite 906,Kennedybury,Arizona,46446,United States of America
100115,915 Benson Port,Daniellestad,Washington,90455,United States of America
100116,04803 Lopez Hill,Sarahfurt,Kansas,79923,United States of America
100117,53616 Roberts Cliffs Apt. 801,West Wendy,New York,94115,United States of America
100118,33937 Johnson Corner Apt. 390,South Kelli,Connecticut,96065,United States of America
100119,718 Zachary Orchard Apt. 238,Craigmouth,Kansas,99522,United States of America
100120,6499 Olson Tunnel Suite 478,Matthewmouth,Oklahoma,91004,United States of America
100121,95351 Mario Flat Apt. 415,Martinburgh,Delaware,45837,United States of America
100122,347 Webster Highway,West Shelby,Texas,57036,United States of America
100123,24342 Brandon Ford,Alexandraview,Pennsylvania,35168,United States of America
100124,873 Luke Village Apt. 170,Reillyberg,Idaho,54909,United States of America
100125,318 Henderson Tunnel Apt. 622,Kellerview,South Dakota,82373,United States of America
100126,27734 Johnson Lodge,Port Josephshire,Idaho,19275,United States of America
100127,78993 Jacqueline Lodge Suite 256,Port Brian,Michigan,59017,United States of America
100128,71532 Thomas Run,North Greggtown,Ohio,20422,United States of America
100129,25936 Johnson Alley Suite 571,Angelachester,Maryland,18166,United States of America
100130,083 Justin Groves Apt. 199,East Jodi,Nevada,71263,United States of America
100131,70305 Garcia Trail Apt. 892,East Kathy,South Dakota,2535,United States of America
100132,733 Chad Viaduct,Port Kristenberg,Kansas,41760,United States of America
100133,555 Odonnell Glen,Mariahaven,South Carolina,34376,United States of America
100134,42740 Seth Brook,Johnsonburgh,Colorado,52532,United States of America
100135,248 William Overpass,Feliciamouth,Massachusetts,7302,United States of America
100136,430 Heather Knoll,Lake Katherine,Vermont,16618,United States of America
100137,47020 Cook Port Suite 519,West Patrick,Tennessee,1119,United States of America
100138,22391 Robert Branch,New Garyfurt,Pennsylvania,4400,United States of America
100139,59054 Villa Lake,Hamiltonview,North Carolina,67576,United States of America
100140,1845 Perez Crossing,Stacyfort,Pennsylvania,65133,United States of America
100141,431 Sullivan Roads,West Stevenborough,Alabama,48210,United States of America
100142,29794 Wood Pines,Lisamouth,Texas,3623,United States of America
100143,947 Mitchell Garden Apt. 006,New Ashleytown,New York,93132,United States of America
100144,61000 Melissa Drives Suite 445,Timothymouth,West Virginia,45029,United States of America
100145,6316 Gilbert Squares Apt. 296,Knoxfort,North Dakota,74472,United States of America
100146,7739 King Ways Suite 711,Dawnhaven,Arkansas,3556,United States of America
100147,7967 Garcia Points Suite 636,Port Catherine,Iowa,76325,United States of America
100148,132 Malik Way,New Paul,Delaware,12855,United States of America
100149,512 Melissa Mountain Suite 377,East Brooke,Massachusetts,60065,United States of America
100150,9650 Arellano Trace,South Herbert,Kansas,89470,United States of America
100151,607 Pearson Branch,Johnland,Utah,23222,United States of America
100152,12972 Warner Stravenue Apt. 762,South Philip,California,38819,United States of America
100153,9850 David Parkway,Port Karatown,Texas,81691,United States of America
100154,214 Nicholas Loaf Suite 275,Kentfurt,Rhode Island,65793,United States of America
100155,78491 Edgar Brook Apt. 211,Lake Theresa,Kentucky,27341,United States of America
100156,808 Tiffany Ramp Apt. 300,Hughesville,West Virginia,12999,United States of America
100157,5556 Gabriella Trail,Coxton,Ohio,65182,United States of America
100158,114 Michael Fort,Port Chelsey,New Mexico,99008,United States of America
100159,69810 Gomez Lodge Suite 013,North Victoriatown,New Hampshire,29307,United States of America
100160,9583 David Lock Apt. 837,South Fred,North Carolina,96219,United States of America
100161,1410 Lynn Fields Suite 422,Annaberg,California,52933,United States of America
100162,75152 William Center Suite 868,Port Ashley,Idaho,80551,United States of America
100163,6525 Beck Inlet Apt. 466,Lake Erin,Nebraska,96344,United States of America
100164,7523 Kathleen Divide Suite 057,Riosborough,Arkansas,64102,United States of America
100165,273 Teresa Mount Suite 758,Rachelside,New Hampshire,77197,United States of America
100166,034 Scott Views Suite 927,Roweville,Illinois,69227,United States of America
100167,294 Angela Alley,Lake Justin,Washington,76597,United States of America
100168,830 Michael Stream Suite 542,Brianside,Iowa,94042,United States of America
100169,9759 Linda Wall,North Joshua,New York,26059,United States of America
100170,4664 Brown Gardens,Lake Melissa,Mississippi,57364,United States of America
100171,237 Robbins Summit,West Andrew,Louisiana,81674,United States of America
100172,3485 Rachel Route,Jasonborough,Indiana,4861,United States of America
100173,111 David Landing Suite 358,Paulton,North Dakota,29131,United States of America
100174,633 Jeffery Locks Suite 993,Harringtonland,Texas,33588,United States of America
100175,64797 James Pike,Jeffreyburgh,Texas,47845,United States of America
100176,228 Kelly Greens,East Andrewshire,Vermont,31907,United States of America
100177,1012 Jeremy Roads Suite 766,Hamptonview,Pennsylvania,8403,United States of America
100178,35594 Sarah Rapid Suite 874,Lake Jenniferstad,Montana,60885,United States of America
100179,2616 Crystal Station,Acostaview,Illinois,9159,United States of America
100180,122 Johnson Pine Apt. 601,Garciaside,Alabama,12765,United States of America
100181,2728 David Views Apt. 074,East Candice,Massachusetts,81436,United States of America
100182,565 Landry Track Apt. 161,Mejiamouth,California,70106,United States of America
100183,5916 Porter Haven,Velezhaven,Oklahoma,78826,United States of America
100184,0893 James Passage Suite 891,Natalieberg,Vermont,75190,United States of America
100185,07684 Kimberly Lane Suite 518,Jacksonborough,Tennessee,76508,United States of America
100186,2401 Bowen Ford,West Katrina,Hawaii,72776,United States of America
100187,4056 Steven Prairie Apt. 787,Lake Lisa,Minnesota,95483,United States of America
100188,723 Ashley Park Apt. 379,Courtneyton,Arizona,12567,United States of America
100189,6811 Gregory Fort,West James,Maryland,58125,United States of America
100190,360 Stokes Ridge,Johnsonberg,Indiana,99057,United States of America
100191,4941 Smith Square Apt. 484,South Oliviaside,Oklahoma,19544,United States of America
100192,8496 Jeremy Views Suite 929,North Veronicaview,Connecticut,81959,United States of America
100193,54079 Michael Station,Mayhaven,Nebraska,48392,United States of America
100194,0955 Davis Shoal Apt. 390,East Kimberlyland,Massachusetts,38796,United States of America
100195,763 Carter Squares,New Jessica,Georgia,87313,United States of America
100196,8205 Rios Stream,West Courtney,Georgia,69930,United States of America
100197,611 Johnson Coves,South Aaron,West Virginia,79146,United States of America
100198,77098 White Vista,Glennview,Minnesota,28125,United States of America
100199,0310 Miller Stravenue Suite 163,Jennifertown,North Carolina,57134,United States of America
100200,378 Joseph Coves,West Sandra,Colorado,71880,United States of America
100201,399 Amanda Corners,Port Richard,Nevada,84786,United States of America
100202,602 Townsend Ports,East Kimberly,Illinois,93388,United States of America
100203,01579 Phillip Turnpike Suite 402,Curryburgh,West Virginia,78496,United States of America
100204,230 Watkins Center,South Vanessahaven,Nebraska,98190,United States of America
100205,75202 Ellen Squares,Darrellstad,New Hampshire,19150,United States of America
100206,4110 Elizabeth Parkways,New Danielport,New York,59305,United States of America
100207,29427 Linda Bypass,Scottmouth,Connecticut,71956,United States of America
100208,74626 Wilson Key Apt. 901,Chadmouth,Florida,1804,United States of America
100209,39895 Eaton Divide,Shannonside,Wisconsin,73782,United States of America
100210,75696 Joseph Courts,North Molly,Montana,46893,United States of America
100211,9579 Meagan Points,Ramosbury,West Virginia,42848,United States of America
100212,0010 Jennifer Squares,West Paige,New Hampshire,31166,United States of America
100213,58546 Bennett Branch Suite 948,Amberhaven,North Carolina,75379,United States of America
100214,90453 Ashley Plaza Apt. 108,Simmonsland,Rhode Island,52311,United States of America
100215,327 Jackson Via Suite 298,New Brittany,Pennsylvania,32715,United States of America
100216,353 Laura Tunnel,East Anthony,Illinois,74267,United States of America
100217,58098 David Run,Port Christina,Hawaii,40378,United States of America
100218,6464 Miller Wells Suite 217,East Ann,Nebraska,89936,United States of America
100219,852 Heather Extension,Michelleport,Virginia,70857,United States of America
100220,85271 Charles Turnpike,Erikaside,Mississippi,10558,United States of America
100221,6451 Shane Camp,North Michelleland,Tennessee,43910,United States of America
100222,9502 Kevin Springs,South Christina,Oklahoma,18738,United States of America
100223,146 Morgan Overpass,Valeriehaven,Hawaii,65364,United States of America
100224,4900 Henry Island Apt. 467,Lake Gabriela,Kentucky,10591,United States of America
100225,77511 Fernandez Ports Apt. 701,Amandaview,Colorado,25980,United States of America
100226,2899 Ricky River,Williamshire,Connecticut,44101,United States of America
100227,3665 Angela Forge,New Lisafurt,North Carolina,40987,United States of America
100228,9588 Julia Terrace,Richardsonville,West Virginia,95613,United States of America
100229,41703 Walker Crossing Apt. 526,Devintown,Maryland,54909,United States of America
100230,15426 Rhonda Manor,Wiseshire,North Dakota,66558,United States of America
100231,5332 Arnold Village,Kevinside,Washington,13034,United States of America
100232,89434 Johnson Lodge Suite 136,East Donaldstad,Washington,91910,United States of America
100233,274 Nancy Fall,North Krystal,Montana,5585,United States of America
100234,4360 Steven Shore Suite 183,Mcleanfurt,Utah,4005,United States of America
100235,19617 Catherine Corners,Cohenside,Wyoming,38128,United States of America
100236,56519 Martin Field,Nancyton,Georgia,86188,United States of America
100237,339 Amy Lake Suite 031,Knightburgh,Montana,15652,United States of America
100238,53983 Darrell Rue,North Manuelmouth,West Virginia,95409,United States of America
100239,9841 Williams Forks Suite 680,New Samanthafurt,Wisconsin,58983,United States of America
100240,3546 Heather Grove Apt. 590,Port Angela,New York,17826,United States of America
100241,1760 Mason Square,Gonzalesborough,Kentucky,1704,United States of America
100242,874 Mitchell Summit Suite 136,New Bobby,Montana,53375,United States of America
100243,6274 Victoria Square Suite 709,Amandachester,Colorado,21808,United States of America
100244,3084 Smith Tunnel Suite 371,Perryland,Maryland,86015,United States of America
100245,0490 Paul Street Apt. 165,Shawnland,Washington,62250,United States of America
100246,5458 Perry Cove,North Tracytown,Hawaii,78214,United States of America
100247,78915 Brittany Land Suite 331,Elizabethmouth,Maryland,34483,United States of America
100248,10414 Mcconnell Islands Suite 768,West Jasonside,California,33351,United States of America
100249,1571 Kennedy Locks,North Richard,Delaware,25560,United States of America
100250,9471 Matthew Cove,Barnettshire,Montana,50446,United States of America
100251,6647 Johnson Glen,Lake Trevor,Rhode Island,89625,United States of America
100252,631 Hall Lodge Apt. 508,Johntown,Wisconsin,32993,United States of America
100253,183 Patel Rapid,Jonesland,South Dakota,66068,United States of America
100254,32839 Clark Stream,East Feliciashire,Kentucky,3157,United States of America
100255,90153 Gail Greens Apt. 833,Angelicafort,Michigan,83284,United States of America
100256,845 Danielle Viaduct,Heathport,South Carolina,59070,United States of America
100257,5994 Mendez Points,Diazshire,Washington,32901,United States of America
100258,6631 Sonya Burgs Suite 112,Timothyfort,Oklahoma,89776,United States of America
100259,77861 Ashley Plaza,Port Thomashaven,Connecticut,81245,United States of America
100260,16869 Jeffrey Course Suite 060,East Cesarside,South Carolina,31029,United States of America
100261,298 Amber Trafficway,Gonzalezshire,Wisconsin,47393,United States of America
100262,904 Robert Rest Apt. 939,Devinshire,Virginia,38520,United States of America
100263,26284 Gomez Center Suite 503,Thomasshire,New Hampshire,55073,United States of America
100264,90682 Fisher Vista,Garciaview,Kentucky,36849,United States of America
100265,3718 Lisa Turnpike Apt. 031,South Steventon,Maryland,8772,United States of America
100266,6913 Powers Prairie,Reedstad,Maryland,53041,United States of America
100267,0666 Joshua Junctions Suite 143,Toddside,Nebraska,22537,United States of America
100268,6838 Phelps Grove,West Brittanyshire,Massachusetts,39318,United States of America
100269,031 Miller Underpass Suite 142,South Angelachester,Virginia,3415,United States of America
100270,9809 Jonathan Passage Suite 657,West Amytown,Kansas,15311,United States of America
100271,73498 Timothy Groves,Charleston,New Jersey,55227,United States of America
100272,74693 Kristine Ridge,East Christianmouth,Utah,15449,United States of America
100273,95204 William Common Apt. 324,Lake Aaron,Utah,72472,United States of America
100274,042 Martinez Station,New Christopher,Minnesota,9315,United States of America
100275,143 James Branch,Port Michael,New Hampshire,93905,United States of America
100276,8087 Galloway Tunnel Suite 365,Jacquelinetown,California,53481,United States of America
100277,147 Frost Causeway Apt. 151,Marquezstad,Iowa,92429,United States of America
100278,391 Ray Track,East Dawnville,New Jersey,47415,United States of America
100279,965 Horton Glens Suite 636,Christopherstad,Ohio,96633,United States of America
100280,3288 James Branch Apt. 644,Malonefurt,Rhode Island,73432,United States of America
100281,6192 Cowan View Apt. 924,East Whitneyfort,Tennessee,48892,United States of America
100282,9646 Shawn Green,Port Christina,West Virginia,2171,United States of America
100283,906 Hernandez Trail Suite 455,Lopezhaven,Tennessee,31862,United States of America
100284,52823 Chad Falls,West Ronaldtown,Virginia,81702,United States of America
100285,83658 Paula Dale,East Corey,Rhode Island,51949,United States of America
100286,592 Flores Ports,Morrisonstad,Georgia,8595,United States of America
100287,7002 Bowers Turnpike,Lake Stephanieville,Oklahoma,99820,United States of America
100288,493 Johnson Creek,South Davidland,Texas,27246,United States of America
100289,576 Walker Forks Apt. 882,North Gary,Alaska,81945,United States of America
100290,851 Melissa Mountains,West Kevin,Washington,72960,United States of America
100291,581 Moreno Unions Apt. 835,Maysfurt,Idaho,70281,United States of America
100292,727 Valencia Bypass Apt. 956,East Rhonda,New Hampshire,13794,United States of America
100293,9687 Stewart Place Apt. 789,Clarkstad,Washington,19437,United States of America
100294,18188 Tonya Pike,Nicholsmouth,Texas,24274,United States of America
100295,08801 Karen Mount,Joneshaven,Idaho,37708,United States of America
100296,3061 Ryan Point,Lake Natalie,Rhode Island,49880,United States of America
100297,869 Tina Parkways Apt. 865,Nicoleview,Maryland,2360,United States of America
100298,906 Robertson Row,Mullinsstad,Arkansas,31632,United States of America
100299,90820 William Mountains Suite 167,Peggyfurt,New Hampshire,30522,United States of America
100300,44652 Lauren Glens,Matthewborough,North Carolina,35336,United States of America
100301,0767 Davis Road Apt. 731,Port Travis,Missouri,90830,United States of America
100302,6552 Cheryl Lodge Apt. 750,Lake Christopherberg,Colorado,38984,United States of America
100303,94494 Robert Flat Apt. 775,South Tinamouth,Louisiana,78595,United States of America
100304,012 Thompson Junction,Lawrencestad,Maine,26074,United States of America
100305,265 Matthews Track,East Rhondaville,Texas,36150,United States of America
100306,02693 Sara Loaf Suite 529,Port Williamburgh,Missouri,79224,United States of America
100307,3279 Olson Way,Martineztown,Pennsylvania,765,United States of America
100308,10484 Obrien Ports Apt. 499,Sanchezland,Hawaii,8895,United States of America
100309,3033 Bradshaw Lakes Suite 409,East Derrick,Pennsylvania,48811,United States of America
100310,046 Luis Locks Suite 194,North Brianna,Georgia,58566,United States of America
100311,7771 Alvarez Trail,Williamland,Louisiana,21004,United States of America
100312,8930 Carl Plain,Edwardsside,Wisconsin,53962,United States of America
100313,39234 Albert Cape Apt. 961,Brooksview,Alaska,64263,United States of America
100314,6584 Jacob Viaduct,Thomasport,Nebraska,17518,United States of America
100315,119 Miller Expressway Apt. 135,West Tinahaven,California,58078,United States of America
100316,885 Julie Crossing Suite 533,West Garrett,West Virginia,47045,United States of America
100317,118 Susan Mission Suite 831,New Darlene,Maine,82785,United States of America
100318,8349 Gregory Ways,Mindymouth,Rhode Island,61376,United States of America
100319,3378 Murphy Camp Suite 702,Keithside,California,8112,United States of America
100320,21956 Emily Village Apt. 349,North Jessica,Illinois,72092,United States of America
100321,09655 Miller Plains Suite 487,Hallville,Missouri,78732,United States of America
100322,7631 Brown Ford Apt. 373,New Johnburgh,Maine,34413,United States of America
100323,80153 Butler Flat Apt. 656,West Aaron,Ohio,24952,United States of America
100324,6435 Aaron Circle Apt. 725,Port Tyroneside,Louisiana,62728,United States of America
100325,018 Myers Glens,South Patricia,Hawaii,96675,United States of America
100326,5797 George Trail,Robertchester,Arkansas,19417,United States of America
100327,879 Thomas Street Suite 104,Stewartport,South Dakota,54063,United States of America
100328,5957 Bailey Stream Apt. 458,Millerchester,Tennessee,91569,United States of America
100329,656 Ramirez View Suite 748,North David,West Virginia,85547,United States of America
100330,70805 Parker Hollow,South Brooke,Arizona,16430,United States of America
100331,99796 Monica Plains Suite 797,East Brenda,California,11249,United States of America
100332,69012 Hall Drive,West Keith,Tennessee,51364,United States of America
100333,14841 Phillip Branch Apt. 885,South Carlyton,Oregon,6068,United States of America
100334,909 Carlson Forks Apt. 503,New Jennifer,Washington,72164,United States of America
100335,3708 Rosario Lock,Port Thomasberg,Florida,67686,United States of America
100336,64592 Theresa Club,Tiffanychester,Connecticut,54708,United States of America
100337,38202 Kevin Parks,North Lauren,Michigan,33119,United States of America
100338,4379 Christopher Road Apt. 904,Lake Kristen,Arizona,37487,United States of America
100339,92573 Kevin Motorway Suite 360,Ashleymouth,Washington,16506,United States of America
100340,59072 Mcmillan Square,Melissaview,Nevada,45428,United States of America
100341,59275 Erica Underpass,Ibarrafort,Louisiana,75822,United States of America
100342,3296 Kevin Flat,Kathleenside,North Dakota,49584,United States of America
100343,806 Donaldson Walk Suite 139,East Meghan,North Dakota,90931,United States of America
100344,186 Johnny Ranch Apt. 878,North Charlesfurt,Rhode Island,91879,United States of America
100345,85270 Mark Underpass Suite 815,Alexandrafurt,Alaska,88570,United States of America
100346,19436 Rush Ranch,New David,Washington,89287,United States of America
100347,40316 Kelley Square Apt. 857,Lake Melindastad,Alaska,56459,United States of America
100348,1616 Welch Cove,Joton,Oklahoma,4633,United States of America
100349,918 Roberta Shores,Lake Carlafurt,Hawaii,75250,United States of America
100350,7204 Joseph Port,New Nancybury,North Dakota,89580,United States of America
100351,789 Hall Shore Apt. 374,East Robertchester,Maine,67639,United States of America
100352,72799 Nancy Prairie,East Charlesside,Massachusetts,3067,United States of America
100353,7015 Vincent Manors,Cervanteschester,Nevada,74688,United States of America
100354,616 Taylor Court,Annetteville,Rhode Island,59134,United States of America
100355,828 Bryant Glens,Gonzalezborough,Wisconsin,32027,United States of America
100356,86041 Smith Garden,Lake Mark,Alabama,88110,United States of America
100357,634 Miguel Shoal,Lake Suzanne,Nevada,8327,United States of America
100358,19170 Warren Pike,Port Danaburgh,North Dakota,711,United States of America
100359,74584 Michael Keys,New Lisa,Missouri,72328,United States of America
100360,053 Peterson Drive Suite 893,South Stacyfort,North Carolina,33899,United States of America
100361,43105 Castillo Plain,East Sierraton,Mississippi,27529,United States of America
100362,478 Holt Ridge,Smithmouth,Louisiana,1924,United States of America
100363,9400 Soto Burg,Stevenschester,Arizona,38867,United States of America
100364,862 Jones Lodge,Gabrielleshire,Virginia,59178,United States of America
100365,130 Robin Junctions,Benjaminview,Louisiana,49216,United States of America
100366,875 Bailey Shore Apt. 401,East Jasonberg,Delaware,88918,United States of America
100367,81312 Mary Unions Apt. 015,South Jeffrey,Illinois,15890,United States of America
100368,3559 Frances Passage,North Joe,New Jersey,20955,United States of America
100369,179 Mullen Squares Suite 846,Cynthiafort,California,26699,United States of America
100370,0362 Hoover Walk,West Davidburgh,Alabama,92240,United States of America
100371,3062 Bennett Oval Suite 595,Christopherbury,New York,92139,United States of America
100372,345 Gill Key,Amandaview,Oklahoma,89784,United States of America
100373,16782 Roth Pass Suite 238,Herringbury,Arizona,28478,United States of America
100374,153 Aguilar Canyon Apt. 962,Millerberg,Kansas,49184,United States of America
100375,74905 Small Locks,Michaelton,Nebraska,35850,United States of America
100376,588 Scott Springs,Dawnville,Alabama,6544,United States of America
100377,09505 Julie Station Suite 161,East Lisaview,West Virginia,59716,United States of America
100378,4588 Sullivan Summit,New Ryanmouth,Indiana,80547,United States of America
100379,6827 Carrillo Shore,East Elizabeth,New York,56775,United States of America
100380,319 David Knoll,Adamshaven,New Mexico,25120,United States of America
100381,5347 John Shoal Apt. 214,Matthewfurt,Washington,61726,United States of America
100382,53003 Angel Port Suite 603,Emilymouth,Alaska,52443,United States of America
100383,2622 Victoria Square Suite 415,New Connieside,Alaska,73651,United States of America
100384,347 Short Gardens Apt. 987,East Lisa,Alabama,39768,United States of America
100385,69952 Garcia Knolls,Williamville,Rhode Island,19329,United States of America
100386,197 Anthony Burgs Suite 197,West Lauren,Alabama,77368,United States of America
100387,46082 Holmes Tunnel,Port Timothy,New Mexico,48352,United States of America
100388,43103 Erica Road Suite 134,West Shawn,Wisconsin,93734,United States of America
100389,4135 Burnett Flat,Amandastad,Ohio,86069,United States of America
100390,00322 Charles Pine Suite 409,Wiseland,West Virginia,43851,United States of America
100391,81254 Joel Course,Port Edward,Pennsylvania,87047,United States of America
100392,94324 William Parkways Apt. 733,South Tamaraberg,Virginia,26994,United States of America
100393,2595 Day Stream Apt. 978,North Steven,West Virginia,75894,United States of America
100394,4076 Richard Meadow,Williamsberg,New Jersey,55819,United States of America
100395,937 Joseph Hollow Suite 487,Crossland,Nevada,67103,United States of America
100396,243 Smith Plains Apt. 528,West Joshua,Louisiana,11585,United States of America
100397,7532 Hale Stream,Marciaport,Kentucky,98269,United States of America
100398,39226 Salazar Stravenue Suite 022,Port Charlesmouth,Louisiana,21162,United States of America
100399,6846 Peters Knoll,New Michelle,North Dakota,3194,United States of America
100400,2146 Kevin Run,West Sarah,Mississippi,71877,United States of America
100401,221 Sanchez Cliff,Lake Brianmouth,Mississippi,98970,United States of America
100402,684 Karen Tunnel Apt. 133,Christopherfort,Alaska,12616,United States of America
100403,2426 Richard River,Patriciaton,Illinois,20921,United States of America
100404,2496 Cummings Summit Apt. 102,New Michaelborough,Kansas,57889,United States of America
100405,138 Michele Skyway,Port Jasmine,Arkansas,52376,United States of America
100406,5534 Arroyo Estates,New Cassandraview,Missouri,61029,United States of America
100407,33536 Wilson Walk Apt. 755,West Shelley,Michigan,47536,United States of America
100408,45338 Miller Tunnel,New Cynthia,Nebraska,98115,United States of America
100409,027 Tammy Vista Suite 696,South Laurieborough,Illinois,49658,United States of America
100410,26061 Anthony Square Suite 439,Monicashire,California,42409,United States of America
100411,92797 Jessica Overpass,North Ashleyshire,Iowa,53534,United States of America
100412,1154 Powell Trail,Johnsonstad,New Hampshire,18936,United States of America
100413,835 Gardner Crest,Anthonyport,New Jersey,80271,United States of America
100414,99940 Danielle Terrace,Montesland,Maine,16945,United States of America
100415,8473 Lloyd Groves,South Veronica,South Carolina,97543,United States of America
100416,91116 Kelly Glen Apt. 865,Fisherville,Nebraska,54237,United States of America
100417,30796 Nathan Valleys Suite 288,Baxterchester,Maryland,81788,United States of America
100418,71562 Costa Dale,Cynthiaport,Michigan,33887,United States of America
100419,00747 Dawn Pike Suite 950,West Deanton,New Jersey,72457,United States of America
100420,27882 Leslie Shores Suite 125,Haroldville,California,49888,United States of America
100421,0473 Williams Harbor Suite 575,New Tylerview,Kansas,85306,United States of America
100422,197 Matthew Vista Suite 333,Annefurt,Texas,42541,United States of America
100423,66687 Medina Mountains Suite 589,New William,Delaware,8279,United States of America
100424,95930 Miranda Walks Apt. 532,Jadebury,Louisiana,75484,United States of America
100425,894 Schultz Village Apt. 151,Juanmouth,Wyoming,90480,United States of America
100426,9279 Mark Curve Apt. 298,East Katiestad,Washington,54852,United States of America
100427,94640 Johnson Keys,Cameronshire,Iowa,12066,United States of America
100428,74206 Cervantes Field,Annborough,Washington,75169,United States of America
100429,8862 Kimberly Summit Suite 866,New Kathrynland,Indiana,9532,United States of America
100430,2151 Beck Falls,North Luis,Virginia,49029,United States of America
100431,2013 Jill Center Suite 643,South Cory,Oklahoma,22825,United States of America
100432,5066 Thompson Viaduct,Alexview,Mississippi,44627,United States of America
100433,2210 Montoya Estate Apt. 990,Williamsmouth,South Carolina,2233,United States of America
100434,96708 Jennifer Crossing,Brownport,Massachusetts,75238,United States of America
100435,74060 Mathews Street,South Duane,Wyoming,59852,United States of America
100436,867 Louis Point,Taylorfurt,Colorado,65439,United States of America
100437,3579 Johnson Shoals Apt. 278,East Adam,Mississippi,82030,United States of America
100438,097 Gordon Mill,West Deniseside,Oregon,73615,United States of America
100439,90453 Rivera Drive Suite 502,Michaelton,Iowa,28360,United States of America
100440,59598 Scott Gateway Suite 771,East Josephport,Oklahoma,58681,United States of America
100441,255 Michael Summit,Devonview,Arizona,23016,United States of America
100442,91644 Ali Avenue,South Jenniferfurt,Connecticut,75319,United States of America
100443,1069 Park Park Apt. 491,Mcdowellshire,Wyoming,67923,United States of America
100444,0564 James Roads Suite 122,Lake Jerry,Ohio,31971,United States of America
100445,773 Stacey Forest,Cooperburgh,North Carolina,89585,United States of America
100446,63510 Carmen Lodge,North Douglasfort,California,85310,United States of America
100447,77526 Owens Curve Suite 236,East Annette,Oklahoma,72232,United States of America
100448,0132 Anita Islands,South Denisefurt,Michigan,52161,United States of America
100449,07446 Crystal Lock,North Matthewshire,Georgia,16392,United States of America
100450,000 Hughes Island Suite 344,North Robert,Wisconsin,36881,United States of America
100451,74988 Jackson Streets Apt. 217,South Amanda,Michigan,16996,United States of America
100452,18337 Tracy Spur Apt. 826,Dillonmouth,Nebraska,88211,United States of America
100453,562 Patel Isle Suite 755,East Jennifer,Illinois,74483,United States of America
100454,139 Zachary Valley,South Paula,Alabama,67250,United States of America
100455,5744 King Pines Apt. 202,Villafurt,Pennsylvania,92758,United States of America
100456,56767 Alexis Ridge Apt. 512,New Maria,Montana,83341,United States of America
100457,96365 Chen Radial,Martinezmouth,Tennessee,89062,United States of America
100458,77989 Kent Curve Apt. 705,Crystalmouth,Nebraska,23939,United States of America
100459,47638 Johnson Run Suite 008,Lauramouth,Nebraska,41718,United States of America
100460,68397 Mark Island,Micheleton,New Jersey,1819,United States of America
100461,60950 Moreno Shoal,East Timothyhaven,Mississippi,92079,United States of America
100462,532 Samuel Track,Phelpsbury,Texas,83120,United States of America
100463,10829 Stewart Hollow Apt. 677,Lake Lawrencehaven,Oregon,72100,United States of America
100464,815 Hall Road,Mooreton,Illinois,7647,United States of America
100465,325 Logan Springs Apt. 089,South Joshuashire,Colorado,26884,United States of America
100466,653 Jenkins Throughway,Williamview,Texas,10918,United States of America
100467,1493 Maria Walk Apt. 532,Port James,Minnesota,8562,United States of America
100468,7488 Brian Brook,Hamiltonchester,Alabama,99138,United States of America
100469,55682 Townsend Ramp,North Devon,North Dakota,57664,United States of America
100470,849 Davis Underpass Apt. 557,Lake Aaronville,Florida,44481,United States of America
100471,80172 Ross Route,New Mike,Nebraska,64713,United States of America
100472,222 Schmidt Rest Suite 799,North Cameron,Utah,78370,United States of America
100473,48399 Day Rapids Suite 633,Lake Barbara,Hawaii,46927,United States of America
100474,716 Clark Estate Suite 088,North Amy,Utah,66613,United States of America
100475,1694 Kara Parks,West Victoria,Michigan,52827,United States of America
100476,575 Davis Mountain Apt. 964,Rubenfort,Texas,59577,United States of America
100477,9299 Fred Groves,Meganfurt,California,1803,United States of America
100478,04555 Taylor Trail Apt. 945,Charlenemouth,Pennsylvania,29013,United States of America
100479,8330 Jamie Court,Thomasview,Arizona,58289,United States of America
100480,361 Austin Drives Apt. 341,Wesleyburgh,Missouri,9287,United States of America
100481,165 Williams Greens Apt. 531,North Andrew,Vermont,17485,United States of America
100482,7314 Alexandra Drive Suite 058,Foxburgh,Idaho,51764,United States of America
100483,71716 Escobar Prairie,Whiteshire,Michigan,89984,United States of America
100484,759 Jonathan Lock Suite 756,New Angelaton,Texas,22221,United States of America
100485,27165 Walker Stravenue,North Bryan,Washington,12001,United States of America
100486,53526 Robin Centers Suite 507,Paulhaven,Indiana,30705,United States of America
100487,019 Thomas Glen,Smithhaven,Arizona,2256,United States of America
100488,99932 Patterson Flats,Lake Zachary,Washington,98771,United States of America
100489,352 Miller Extensions,Port Ryan,Oklahoma,6927,United States of America
100490,67954 Smith Ford Suite 422,Mannside,California,65807,United States of America
100491,05875 Bryant Gardens Suite 807,Turnerhaven,Alabama,17403,United States of America
100492,32095 Johnson Plains Suite 337,Port Adrianaview,Maryland,62804,United States of America
100493,665 Buchanan Lane,Blackland,Oklahoma,97876,United States of America
100494,614 Atkins Vista Suite 577,Petersport,Iowa,33795,United States of America
100495,332 Karen Stravenue,Murphyhaven,Hawaii,63970,United States of America
100496,028 James Neck Suite 936,Derekville,Nevada,8938,United States of America
100497,148 Roger Points,Nicholaston,Kentucky,14113,United States of America
100498,7399 Heather Loaf Apt. 842,South Jacquelineton,Virginia,59617,United States of America
100499,65419 Dennis Brooks,Lake Ashley,Rhode Island,18531,United States of America
100500,994 Sullivan Stream,West Joseph,Georgia,3921,United States of America
200001,437 Warren Roads Suite 124,Markton,New Mexico,1472,United States of America
200002,076 Allen Streets,Josephmouth,Maryland,43702,United States of America
200003,295 Deleon Plain Apt. 752,South Dannyfurt,Vermont,19339,United States of America
200004,077 Lopez Port,Lake John,Michigan,76150,United States of America
200005,76064 Henry Hills,Obrienstad,Tennessee,76168,United States of America
200006,18859 Pearson Center,Warrenbury,Alabama,30210,United States of America
200007,88556 Carr Mountains,Lauriebury,Maine,82089,United States of America
200008,973 Zachary Expressway,South Michelle,Utah,17064,United States of America
200009,35534 Anderson Meadow,Flemington,Virginia,50729,United States of America
200010,5652 Jordan Mountain Suite 925,Robinsonstad,Arizona,86606,United States of America
200011,195 Parks Road Apt. 785,Port Amberborough,Georgia,28037,United States of America
200012,196 Dwayne Track Apt. 906,Port Cindy,Delaware,55655,United States of America
200013,756 Tracy Dale Apt. 968,Beckyburgh,New Hampshire,55558,United States of America
200014,604 Hubbard Roads Apt. 084,North Tracihaven,Ohio,15539,United States of America
200015,165 Ann Squares,Burgessville,Maryland,70713,United States of America
200016,38709 Wesley Manor Apt. 935,Williamshaven,Michigan,62136,United States of America
200017,0368 Sarah Turnpike Suite 964,Troyland,Louisiana,76872,United States of America
200018,7051 Philip Tunnel,Eduardomouth,North Carolina,10138,United States of America
200019,30475 Patricia Knolls,Port Elizabeth,Montana,91896,United States of America
200020,80695 Baker Mount,Lake Abigailchester,Oregon,56609,United States of America
200021,56157 Barker Causeway,Port Peterchester,Arkansas,7041,United States of America
200022,255 Phillips Cape Apt. 977,Lake Jacquelineview,Illinois,94555,United States of America
200023,46338 Chelsea Hollow Apt. 369,New Richard,Montana,76706,United States of America
200024,02259 Austin Viaduct,Wrightton,Missouri,47816,United States of America
200025,6296 Earl Crossing Apt. 350,Port Erica,North Carolina,6993,United States of America
200026,6661 Estrada Alley,Lake Edwardbury,Colorado,11328,United States of America
200027,87683 Rodriguez Square Apt. 206,Robinsonberg,North Carolina,53550,United States of America
200028,31121 Tina Camp Apt. 629,Sheriburgh,Alabama,51107,United States of America
200029,1766 Johnson Springs Apt. 574,Tylerfurt,Rhode Island,45227,United States of America
200030,042 Brooks Coves Suite 509,Barrshire,South Carolina,39444,United States of America
200031,57634 Garcia Row Apt. 989,Scottfurt,Alabama,99647,United States of America
200032,1223 Robert Mount,Danielville,Hawaii,70318,United States of America
200033,19129 Manuel Turnpike,Port Krystal,Maine,37640,United States of America
200034,231 Willie Vista,Markchester,Nebraska,35693,United States of America
200035,4483 Liu Tunnel,East David,Arkansas,2164,United States of America
200036,315 Warren Plains,South Nicole,South Dakota,46423,United States of America
200037,884 Victor Junctions,Campbellberg,South Dakota,64902,United States of America
200038,2503 Martin Summit Apt. 312,Holdenview,Vermont,81704,United States of America
200039,61349 Steven Tunnel,Roweberg,Idaho,95916,United States of America
200040,762 Nicholas Tunnel Suite 652,North Christopher,Alaska,68412,United States of America
200041,51695 Amanda Trace Apt. 881,Sheilafort,Arkansas,93827,United States of America
200042,5324 Miller Passage,New Stephanieburgh,Maine,13743,United States of America
200043,2647 Burns Track,New Roy,North Carolina,94989,United States of America
200044,38567 John Branch Suite 420,Mollyland,New Hampshire,73672,United States of America
200045,9454 Michael Lodge Suite 853,Rodneyside,Tennessee,69532,United States of America
200046,1829 Brian Village Suite 259,North Faith,Oregon,50265,United States of America
200047,7256 Scott Loop Suite 120,East Robert,California,43849,United States of America
200048,32416 Mays Rapid Suite 328,Alexanderfort,Utah,94967,United States of America
200049,91054 Lauren Roads Suite 339,Erinport,Tennessee,55987,United States of America
200050,66979 Lloyd Estate Apt. 525,Toddside,Alabama,40832,United States of America
200051,78847 David Drives Suite 785,Port Heather,Wyoming,33681,United States of America
200052,4724 Parker Walk,Williamsfurt,North Carolina,3865,United States of America
200053,3322 Rose Neck,Kathyville,West Virginia,11633,United States of America
200054,235 Mathis Point,South Andrewburgh,Iowa,42900,United States of America
200055,6276 Seth Overpass Suite 418,Michaelport,Arkansas,77017,United States of America
200056,352 Shannon Meadows,Smithton,Arizona,79657,United States of America
200057,75123 Jackson Centers,Patriciaville,Georgia,29294,United States of America
200058,5259 Stephanie Rapids Apt. 499,Lake Nicole,Massachusetts,30332,United States of America
200059,229 Amber Orchard,Carlside,South Dakota,6839,United States of America
200060,198 Robin Course,Antoniochester,Florida,7649,United States of America
200061,498 Glen Circle Suite 554,New Lindsay,Maine,8345,United States of America
200062,8259 Bill Burgs,South Todd,Arkansas,12945,United States of America
200063,409 Reynolds Plaza,Williamsshire,Vermont,27797,United States of America
200064,617 Mcdonald Dale,East Ryanland,Maine,65389,United States of America
200065,475 Christopher Lodge Suite 219,North Laurenside,Kansas,60037,United States of America
200066,8094 Denise Key Suite 062,Walkerton,South Carolina,15816,United States of America
200067,859 Alvarez Route,Pennyside,Nevada,74429,United States of America
200068,249 Tran Harbor,Janetbury,Maryland,84750,United States of America
200069,21256 Kathryn Court,Port Angela,Indiana,43238,United States of America
200070,28318 Griffin Expressway Suite 193,Laurafort,New Mexico,90919,United States of America
200071,718 Jasmin Bypass,West Wesleyfurt,Kentucky,99825,United States of America
200072,052 Garcia Fork,South Scott,Vermont,13571,United States of America
200073,97282 Paul Vista Apt. 916,Garciamouth,Kentucky,84723,United States of America
200074,7071 Cristina Tunnel,Lake Andrew,Kansas,46641,United States of America
200075,3890 Vargas Meadow,Lindsayfurt,New Hampshire,65004,United States of America
200076,2002 Bishop Dam,West Teresa,North Carolina,83370,United States of America
200077,16350 David Junctions Suite 428,Noahshire,Georgia,3978,United States of America
200078,54474 Hannah Via,Port Kimberly,Indiana,88300,United States of America
200079,9332 Nelson Harbor,Mosesmouth,Oklahoma,89182,United States of America
200080,749 Aaron Points,New Audreyville,Alaska,80963,United States of America
200081,196 Edwards Skyway,Deniseport,Pennsylvania,35523,United States of America
200082,0990 Christopher Stravenue Suite 628,New Williamport,Virginia,8542,United States of America
200083,3137 Padilla Points Suite 198,East Charlene,West Virginia,92072,United States of America
200084,498 Brown Road,New Laura,Mississippi,9332,United States of America
200085,9504 Romero Garden,North Carolborough,Delaware,96025,United States of America
200086,250 Joshua Turnpike,New Patrickshire,Maryland,43375,United States of America
200087,722 Harvey Pass Apt. 462,Jimport,Tennessee,67260,United States of America
200088,76204 Joann Terrace Suite 844,Davidstad,South Dakota,35613,United States of America
200089,01396 Mary Creek Suite 029,Dennismouth,Louisiana,51965,United States of America
200090,640 Davis Expressway Apt. 479,West Monica,Illinois,36123,United States of America
200091,996 Rivera Pines,North Jessica,Ohio,97289,United States of America
200092,4547 Shelley Shores,East Linda,Maine,15245,United States of America
200093,52188 John Gardens,Bullockshire,New Mexico,12224,United States of America
200094,94018 Ronald Wall,Port Brent,Hawaii,23790,United States of America
200095,9334 Brian Shoals Apt. 124,Andrewshire,Maine,19390,United States of America
200096,653 Scott Ramp Suite 482,Marytown,Illinois,80809,United States of America
200097,2078 Sharon Forge Apt. 973,New Dylan,California,59410,United States of America
200098,6284 Grant Square Apt. 119,West Raymondport,Maine,3326,United States of America
200099,7920 Natalie Knolls Suite 979,Port Jennifer,Tennessee,65140,United States of America
200100,445 Leon Bridge,West Shannonport,Louisiana,41543,United States of America
200101,29245 Calvin Meadow,Lake Jeanport,Connecticut,41221,United States of America
200102,64641 Padilla Center Suite 297,Lisaport,Mississippi,89922,United States of America
200103,30222 Hurst Orchard,Port Sarah,Georgia,42065,United States of America
200104,8468 Eduardo Expressway,Brocktown,Arizona,34424,United States of America
200105,72133 Charles Greens,Robertsonburgh,Georgia,87612,United States of America
200106,13722 Conley Rapids Apt. 016,Andrewberg,Florida,74657,United States of America
200107,205 Hart Motorway,Brownshire,Kansas,39519,United States of America
200108,759 Watson Overpass Suite 542,East Dorothyberg,Hawaii,40804,United States of America
200109,268 Veronica Stravenue,Port Briannatown,Texas,38365,United States of America
200110,41901 Bryan Dale,Wileyport,Mississippi,18982,United States of America
200111,20068 Michael Cliffs Apt. 544,Leonardburgh,Oregon,95456,United States of America
200112,775 Porter Center Suite 755,Jacksonland,New Jersey,43576,United States of America
200113,9519 Becker Walk Suite 914,Davidton,North Dakota,38575,United States of America
200114,8704 Paige Lights,West Donaldmouth,West Virginia,15823,United States of America
200115,0425 Adam Key Suite 397,New Dennis,Oklahoma,23473,United States of America
200116,2247 Jackson Prairie,Robertsonland,Indiana,24465,United States of America
200117,280 Michele Place,South Charlesmouth,Georgia,10276,United States of America
200118,655 Osborne Island,East Kimberlychester,Kentucky,44457,United States of America
200119,536 Kathleen Stream,Michaelport,Ohio,8439,United States of America
200120,8754 Hall Corners Apt. 590,Carrtown,Michigan,95457,United States of America
200121,55173 Barnes Islands Suite 844,Port Gabriela,Rhode Island,37205,United States of America
200122,495 William Ford Suite 316,Francisport,Delaware,51577,United States of America
200123,853 Hernandez Rapid Apt. 893,Lopezfort,Tennessee,62032,United States of America
200124,1071 Barbara Drives Apt. 153,Blairmouth,New York,63972,United States of America
200125,7865 Theodore Passage,New Timothy,New Jersey,31237,United States of America
200126,361 Tina Isle,West Mary,Utah,76916,United States of America
200127,11648 Harris Dam,New Victoriahaven,Nevada,67260,United States of America
200128,0855 Kathy Forges Suite 285,Dianaberg,Alaska,57835,United States of America
200129,86157 Stevens Viaduct,North Joannaton,Georgia,32696,United States of America
200130,118 Matthew Bypass,North Shawnside,Florida,98622,United States of America
200131,160 Randy Inlet,Port Gregoryfort,Missouri,55252,United States of America
200132,71839 Todd Square Suite 648,Potterville,Montana,38885,United States of America
200133,647 Alfred Burg Suite 481,Amandashire,Pennsylvania,35485,United States of America
200134,85232 Susan Square,Kennethfurt,Rhode Island,30073,United States of America
200135,58051 Cynthia Plain Suite 321,North Heatherland,Idaho,76670,United States of America
200136,30676 Eric Port Suite 214,East Angelicafort,New Mexico,82698,United States of America
200137,3670 Melissa Islands,North Chrishaven,Florida,38626,United States of America
200138,836 Daniel Unions,West Paulland,Texas,88547,United States of America
200139,933 Kenneth Landing,Ericstad,Iowa,79884,United States of America
200140,799 Joel Stravenue Suite 006,Walkerstad,Alaska,98170,United States of America
200141,12759 Nelson Cliffs,Williamshaven,Iowa,27837,United States of America
200142,4720 Nelson Circles Apt. 992,East Robin,Missouri,17984,United States of America
200143,66074 Wise Trail,West Helen,Maine,61910,United States of America
200144,89063 Sarah Fields Suite 120,Derrickton,Utah,14828,United States of America
200145,268 Newman Parkways Apt. 024,Atkinstown,Florida,57670,United States of America
200146,5148 Eric Village,Elizabethchester,Kentucky,57003,United States of America
200147,83340 Angela Crossroad,Brentton,New Hampshire,95086,United States of America
200148,41206 Schmidt River Apt. 773,Port Timothyberg,Montana,30755,United States of America
200149,3871 Davenport Turnpike Suite 358,West Rodney,New Mexico,14409,United States of America
200150,98199 Fitzgerald Lights Suite 195,New Williamhaven,Minnesota,50816,United States of America
200151,8656 Briana Creek Suite 093,Paulahaven,Alaska,48912,United States of America
200152,35964 Kristin Turnpike Apt. 175,Rayshire,Ohio,56909,United States of America
200153,082 Andrea Vista,New Maria,Washington,40518,United States of America
200154,0911 Alexandra Mountain,Teresafort,Rhode Island,61665,United States of America
200155,1232 Strong Orchard,Lake Jonathanside,New Mexico,19099,United States of America
200156,59897 David Mills,South Joshua,Connecticut,61628,United States of America
200157,42849 Campos Flat,West Brianna,Connecticut,19446,United States of America
200158,2172 Miller Pike Apt. 935,North Christine,Nebraska,46481,United States of America
200159,580 Valerie Fall Apt. 730,Port Eric,Kansas,87461,United States of America
200160,14450 Miller Grove Suite 660,Lake Saraberg,Arkansas,64038,United States of America
200161,440 Higgins Plaza,Lake Jason,Alabama,18154,United States of America
200162,6117 Linda Expressway Suite 658,East Lindastad,Rhode Island,6229,United States of America
200163,1944 Karen Plain,Smithshire,Oregon,49126,United States of America
200164,912 Justin Camp Suite 451,Michaelstad,West Virginia,46511,United States of America
200165,2902 Howard Lakes Suite 397,North Stevenborough,Louisiana,77201,United States of America
200166,8220 Rodney Cliffs Apt. 843,East Amanda,Nebraska,52033,United States of America
200167,42674 William Viaduct,West Trevor,Illinois,77436,United States of America
200168,20294 Rivas Camp,North Deborahville,Connecticut,67068,United States of America
200169,93035 Katherine Valley Apt. 055,Aliport,Mississippi,25817,United States of America
200170,727 Terry Walk,Port Cynthia,Hawaii,77600,United States of America
200171,10819 James Stream,Port Ronaldmouth,Rhode Island,14471,United States of America
200172,8096 Jennifer Valleys Suite 943,Port Christinehaven,Utah,44159,United States of America
200173,698 Cole Circle Apt. 825,Mariahaven,Missouri,38846,United States of America
200174,503 Hart Green,East April,Utah,8366,United States of America
200175,27813 Tina Mall Suite 422,Cookbury,Illinois,2118,United States of America
200176,68524 Edwin Heights,South Nathanielburgh,Connecticut,27717,United States of America
200177,902 Page Street Suite 050,New Christopher,Michigan,58956,United States of America
200178,5826 Charles Common,North Ryan,Iowa,31209,United States of America
200179,1755 Fisher Skyway Apt. 519,Marissabury,Oklahoma,7085,United States of America
200180,124 Price Roads,Patriciaville,Michigan,31554,United States of America
200181,012 Linda Drives Suite 256,Mercerport,Delaware,5013,United States of America
200182,1167 James View,Calvinville,California,74385,United States of America
200183,392 Meza Road,Jeffersonville,New York,64265,United States of America
200184,16070 Mark Hill Apt. 880,Jenniferburgh,New Jersey,81380,United States of America
200185,176 Dylan Lake,Englishville,South Carolina,33113,United States of America
200186,25787 Thomas Curve Suite 314,North Robert,Connecticut,23830,United States of America
200187,482 Timothy Canyon,Lindabury,Louisiana,82790,United States of America
200188,716 White Isle,Jasonstad,Oklahoma,3533,United States of America
200189,484 Katherine Common Suite 406,Danabury,North Dakota,59876,United States of America
200190,406 Timothy Trail Apt. 815,West Neilchester,New York,13359,United States of America
200191,486 Megan Loop Suite 986,Debramouth,Montana,25453,United States of America
200192,3081 Mcmillan View,Kristyview,Kansas,53049,United States of America
200193,213 Sean Orchard,Rodriguezchester,Colorado,92352,United States of America
200194,729 Ponce Station Suite 375,Kristiburgh,Michigan,38820,United States of America
200195,16453 Gentry Corner,Gonzalezton,Arizona,49219,United States of America
200196,42707 Turner Rapid Suite 508,Saraberg,Wisconsin,18071,United States of America
200197,5645 Williams Crest Apt. 052,North Krista,Michigan,66740,United States of America
200198,39832 Kenneth Circle,North Carlton,Maine,71318,United States of America
200199,11326 Carson Station Apt. 947,West Geraldburgh,Colorado,6307,United States of America
200200,229 Key Station,Markborough,North Carolina,14809,United States of America
200201,18840 Johnson Green,Barnettburgh,Iowa,33542,United States of America
200202,51012 Brian Mills,North Erica,South Dakota,92077,United States of America
200203,6354 Kelley Loaf,New Susantown,Iowa,61626,United States of America
200204,674 Schultz Oval,Leburgh,Illinois,62610,United States of America
200205,4380 Kimberly Heights Suite 485,Garrisontown,Virginia,61229,United States of America
200206,9821 Smith Glen Apt. 207,Port Alexis,Ohio,4878,United States of America
200207,9458 Theresa Crest,Lake Caleb,Arkansas,11523,United States of America
200208,467 Howell Hollow Apt. 957,North Erinville,Delaware,64529,United States of America
200209,238 Leach Village Suite 681,East Alice,Kansas,37800,United States of America
200210,8240 Ortega Forges Suite 094,Sethport,Wyoming,50470,United States of America
200211,54537 Knight Meadow,South Christopherside,Illinois,94870,United States of America
200212,89415 Rebecca Mills Suite 410,West Sharonport,Wisconsin,11598,United States of America
200213,2261 Levi Groves Suite 457,East Dannymouth,Indiana,1775,United States of America
200214,597 Jose Lakes,Port Amy,Arizona,80407,United States of America
200215,234 White Via,Perezfurt,Colorado,45572,United States of America
200216,6275 Diane Circles Suite 405,Port Kevinbury,West Virginia,12020,United States of America
200217,3124 Caldwell Flats Apt. 773,Snyderport,Alabama,34812,United States of America
200218,507 Kristie Station,Mirandaview,Montana,31746,United States of America
200219,35199 Townsend Freeway,Matthewburgh,Vermont,87632,United States of America
200220,3058 Chad Ways Suite 160,Jenniferburgh,Tennessee,94637,United States of America
200221,76198 Sara Crossroad Suite 841,Port Kristenmouth,Hawaii,24926,United States of America
200222,68953 Rivera Radial,South Javier,Georgia,51473,United States of America
200223,61514 Ralph Oval Apt. 597,South Kathleen,Texas,29876,United States of America
200224,4795 William Spur Apt. 411,Kennethview,Nebraska,57724,United States of America
200225,0974 Hernandez Knoll Suite 322,Jamesberg,New Hampshire,43638,United States of America
200226,21066 Richardson Plaza,Bryceshire,Tennessee,3760,United States of America
200227,3556 Cristina Square,West Petermouth,Illinois,78828,United States of America
200228,776 Samantha Loop Suite 981,Johnshire,Texas,72045,United States of America
200229,2523 Crystal Passage,Palmerville,Louisiana,37567,United States of America
200230,804 Maurice Views,Craigberg,New York,42725,United States of America
200231,1059 John Passage,Juanhaven,Utah,57360,United States of America
200232,586 Nancy Lights Suite 433,Port Xavier,Massachusetts,34700,United States of America
200233,319 Ryan Bypass Apt. 124,Lake Amandabury,Wyoming,9987,United States of America
200234,059 Zachary Lodge,Gilmorehaven,Missouri,70388,United States of America
200235,936 Evans Underpass,Duaneview,Ohio,44703,United States of America
200236,0022 Schneider Ford,West Kayla,Michigan,63428,United States of America
200237,2552 Sophia Turnpike,Jordanside,Rhode Island,17133,United States of America
200238,7848 Angela Land,West Omarbury,Tennessee,43083,United States of America
200239,2612 Stephanie Groves,Greeneburgh,Ohio,40560,United States of America
200240,109 Gary Flat,Beckbury,Alabama,1710,United States of America
200241,95196 Jimmy Turnpike,Arianafort,Iowa,62049,United States of America
200242,585 Nelson Fork Suite 249,East Amytown,Missouri,12350,United States of America
200243,167 Haley River,Kathrynside,North Dakota,33854,United States of America
200244,10152 Virginia Estates Apt. 045,Theresashire,Kansas,36127,United States of America
200245,919 Conway Trafficway,Johntown,Indiana,23435,United States of America
200246,6783 Diane River,North Katherineton,Virginia,29552,United States of America
200247,63816 Adrian Haven,Port Joseph,Virginia,19508,United States of America
200248,6909 Chen Rest,West Elizabeth,Kentucky,23035,United States of America
200249,3406 Cochran Burgs,Port Lisaside,Virginia,37175,United States of America
200250,8055 Tracy Place,West Sheliabury,New Mexico,66596,United States of America
200251,31230 Flores Highway Apt. 190,Joshualand,Kansas,21794,United States of America
200252,61282 Brittney View Apt. 953,New Kathleenport,Hawaii,83414,United States of America
200253,610 Riley Rapids Apt. 905,Port Emily,Rhode Island,66353,United States of America
200254,124 Robinson Corner Apt. 997,Sandymouth,Mississippi,6995,United States of America
200255,0895 Irwin Forge,Lake Anthonychester,Hawaii,52071,United States of America
200256,6023 Ann Forge Apt. 895,West Vincentbury,Mississippi,72360,United States of America
200257,5886 Hopkins Cliff Suite 927,Margaretfort,Vermont,63548,United States of America
200258,5782 Stephen Hills Apt. 197,New Danny,Nebraska,39083,United States of America
200259,83804 Davis Court Apt. 715,Santanaburgh,Arkansas,58628,United States of America
200260,69210 Destiny Loaf,South Margaret,Indiana,98976,United States of America
200261,6145 Erin Lake,Davidmouth,Nevada,42490,United States of America
200262,711 Travis Ridge,Swansonside,West Virginia,86772,United States of America
200263,5406 Robert Path,Hartview,Connecticut,52905,United States of America
200264,0452 Daniel Ramp,New Alexanderborough,North Carolina,3566,United States of America
200265,4420 Erica Flats Suite 376,Paulland,Maine,5791,United States of America
200266,172 Holt Square,West Matthewville,Iowa,20428,United States of America
200267,72115 Justin Inlet,Port Anthonytown,Maine,10214,United States of America
200268,55286 Gregory Mountain,Moniqueport,Virginia,3869,United States of America
200269,394 Williams Extensions,Lake Eric,California,79547,United States of America
200270,271 Kimberly Avenue,Port Brendanberg,Ohio,96488,United States of America
200271,792 Benitez Green Apt. 256,North Justin,North Dakota,40853,United States of America
200272,1184 King Village,Port Joshuaside,Indiana,37149,United States of America
200273,863 Morris Gateway,East Amyland,Maryland,89327,United States of America
200274,7896 Holland Row Suite 824,New Nicoleville,Indiana,43688,United States of America
200275,56210 Abbott Glens Suite 030,East Coreyburgh,Vermont,1060,United States of America
200276,97550 Nicholas Flat,Blackmouth,Montana,42699,United States of America
200277,1406 White Dale,Lake Charles,Delaware,69827,United States of America
200278,3065 Richard Branch,Ryanmouth,West Virginia,75584,United States of America
200279,116 Ritter Mills,New Patrick,Illinois,90905,United States of America
200280,431 Mario Parkway,Timothyfort,Minnesota,38920,United States of America
200281,777 Armstrong Ville Apt. 566,Port Jose,Vermont,60786,United States of America
200282,0851 James Vista,Port Jaimestad,Connecticut,71129,United States of America
200283,6120 Paige Inlet Apt. 075,Lake Davidhaven,Utah,55179,United States of America
200284,136 Odonnell Meadow Suite 608,Heatherborough,New Jersey,99261,United States of America
200285,975 Lisa Valleys Apt. 844,Valdezfurt,Vermont,97780,United States of America
200286,239 Thornton Glen,New Megan,South Dakota,9641,United States of America
200287,7436 Walker Springs Apt. 402,Davidshire,Oregon,51456,United States of America
200288,0486 Doyle Mountains,Lake Matthewborough,Minnesota,2684,United States of America
200289,710 Reynolds Brooks Apt. 453,West Jared,Rhode Island,87929,United States of America
200290,3805 Montes Overpass,Haroldport,New Mexico,75740,United States of America
200291,8274 Mata Spur,North William,Kansas,94307,United States of America
200292,74685 Joshua Parkway,West Dustinview,West Virginia,51736,United States of America
200293,907 Knox Valley Suite 533,Port Jamesborough,Ohio,44515,United States of America
200294,531 Henry Gardens Apt. 683,Port Conniemouth,Idaho,54048,United States of America
200295,4509 Vickie Village Apt. 155,Aaronburgh,Maryland,93256,United States of America
200296,3098 Watson Street Suite 782,North Juan,Nebraska,10071,United States of America
200297,41194 David Mission,West Todd,Mississippi,18295,United States of America
200298,5910 Jeremy Knoll,Port Mike,New Hampshire,8767,United States of America
200299,193 Darren Keys,Port Allisonmouth,North Carolina,68433,United States of America
200300,323 Bradley Wells,Myersberg,Virginia,28627,United States of America
200301,80872 Rhonda Loaf,Perezchester,Indiana,93932,United States of America
200302,7668 Timothy Groves,Austinville,Pennsylvania,64216,United States of America
200303,60862 Beck Highway Apt. 991,East Shaneshire,Georgia,95278,United States of America
200304,4659 Jacob Highway,Port Michelle,Virginia,56980,United States of America
200305,39771 Tiffany Club Suite 247,Brandonhaven,Connecticut,35788,United States of America
200306,21651 Matthew Place Suite 917,Bakerville,Nebraska,5136,United States of America
200307,7702 Gilbert Oval,North James,Vermont,63960,United States of America
200308,365 Nguyen View,Michelleburgh,Utah,5480,United States of America
200309,064 Neal Parkways Apt. 491,Elizabethville,New Hampshire,83726,United States of America
200310,8868 Casey Branch Apt. 044,Adamfurt,Ohio,30301,United States of America
200311,334 Darren Ranch,North Shannonchester,South Carolina,65643,United States of America
200312,7161 Campbell Courts,New Jessicahaven,North Dakota,3704,United States of America
200313,9147 Chris Row Suite 215,Greenland,Mississippi,12435,United States of America
200314,507 Wilson Light,West Josephmouth,Alaska,7274,United States of America
200315,931 Nguyen Flats,Lake Susan,Missouri,44712,United States of America
200316,7953 Sara Shores,Port William,Connecticut,7131,United States of America
200317,8193 Michelle Tunnel,Leeport,Georgia,89487,United States of America
200318,729 Valdez Canyon Suite 343,Heathermouth,Virginia,14262,United States of America
200319,1327 Franklin Prairie Apt. 718,Roberttown,Vermont,84144,United States of America
200320,7947 Linda Street Apt. 699,Tannerchester,Washington,28396,United States of America
200321,206 Reynolds Turnpike,New Jeffreyberg,Idaho,14676,United States of America
200322,554 Lee Viaduct Suite 100,Lake Laura,Vermont,98017,United States of America
200323,90271 Ashley Hills,Camachochester,Pennsylvania,5727,United States of America
200324,987 Underwood Vista Suite 441,Rebekahland,Iowa,93769,United States of America
200325,86095 Obrien Greens,Dennisfort,Arkansas,13149,United States of America
200326,71784 Newman Drives Apt. 478,North Hannahside,New Mexico,11019,United States of America
200327,747 Pitts Common Suite 662,Barbaraport,Ohio,3586,United States of America
200328,025 Benitez Square Suite 507,Hodgesside,Nebraska,9889,United States of America
200329,37987 Billy Key,South Michelle,Kansas,25034,United States of America
200330,87848 Salas Vista,West Andrew,Nebraska,35995,United States of America
200331,130 Jordan Avenue,Markbury,Oregon,60615,United States of America
200332,758 Cervantes Dam,Stewartberg,Illinois,61489,United States of America
200333,05450 Aaron Rest,Lake Veronica,Georgia,15961,United States of America
200334,6703 Michael Station,Brianport,Nebraska,23303,United States of America
200335,30315 Young Skyway Apt. 460,South Shannonland,Alaska,53196,United States of America
200336,26493 Brown Valley,Jennifershire,Illinois,90940,United States of America
200337,898 Jessica Squares,North Donaldton,Nevada,75373,United States of America
200338,32327 John Ville Suite 528,Powersbury,Alabama,81738,United States of America
200339,344 Johnson Spurs Apt. 429,Harveyville,North Dakota,6684,United States of America
200340,3003 Zachary Square Apt. 342,West Anthony,Minnesota,62936,United States of America
200341,4026 Tran Parkways Suite 962,Clarkeborough,Arkansas,84336,United States of America
200342,01440 Mills Track,Morseshire,Texas,17301,United States of America
200343,2172 White Lane Apt. 201,Christophermouth,Vermont,53411,United States of America
200344,0442 Norman Parks,New Carrie,Oklahoma,69800,United States of America
200345,411 Reyes Hill Suite 666,New Andrewside,Maryland,67252,United States of America
200346,21068 Leslie Forges Apt. 418,Carlyside,Maine,72285,United States of America
200347,8469 Richard Tunnel,West Emily,Alaska,75716,United States of America
200348,696 John Lock Suite 648,New Charleschester,Alaska,78014,United States of America
200349,6798 Middleton Groves Apt. 592,Woodsberg,Georgia,83542,United States of America
200350,54309 Beltran Plains,South Suzanneshire,Louisiana,45873,United States of America
200351,38101 Rice Turnpike Apt. 622,Hannahton,Vermont,21802,United States of America
200352,4420 Kara Stream Suite 879,Terriland,Kansas,4384,United States of America
200353,90501 Paul Prairie,East Michaelfort,Tennessee,46604,United States of America
200354,4435 Michael Drive Suite 010,Port Shannonstad,Alabama,75760,United States of America
200355,32857 Lindsay Burgs,East Saramouth,California,13880,United States of America
200356,4673 Henry Terrace Suite 946,Lake Bonnieberg,Nevada,98489,United States of America
200357,07333 Christine Run Apt. 281,Port Steventon,North Dakota,14379,United States of America
200358,0232 Amy Corner,Mirandaside,Maryland,98032,United States of America
200359,660 Lara Mount,West Brianna,Delaware,71138,United States of America
200360,8507 Mary Canyon,Johnsonborough,Montana,45945,United States of America
200361,3817 William Forge,Martinside,Maine,59485,United States of America
200362,76628 John Pine Apt. 750,Smithchester,Connecticut,76855,United States of America
200363,0604 Joanne Way Suite 969,South Williamshire,Hawaii,94686,United States of America
200364,501 Snow Wall,Jonathanton,Michigan,27427,United States of America
200365,10231 Ortega Inlet Apt. 808,Danielsmouth,Nebraska,9988,United States of America
200366,22094 Bass Highway Suite 839,East Trevor,Oklahoma,73797,United States of America
200367,775 Turner Corners Apt. 597,Villegasburgh,Arkansas,75114,United States of America
200368,80936 Wilson Squares Suite 143,Wrightside,Tennessee,45632,United States of America
200369,43199 Cabrera Knolls,Bradytown,Arkansas,59464,United States of America
200370,9712 Chambers Island,Robertmouth,Georgia,44924,United States of America
200371,860 Elizabeth Islands,New Mark,New Hampshire,3589,United States of America
200372,874 Avila Crossroad Apt. 583,Nicoleborough,Hawaii,16614,United States of America
200373,301 Bennett Turnpike,Jamesville,Utah,28774,United States of America
200374,8634 Jenkins Glen,Lake Kristin,Georgia,3138,United States of America
200375,9492 Ryan Field,Lake Donaldmouth,Oklahoma,39422,United States of America
200376,713 Nancy Place,Heathermouth,Florida,98438,United States of America
200377,043 Martin Village,West Michelle,Oklahoma,55110,United States of America
200378,0901 Kristina Knoll,Rossside,North Dakota,74069,United States of America
200379,19775 Brooke Glens,New Ryanville,Delaware,92490,United States of America
200380,631 Benjamin Bypass Suite 970,New Christina,Washington,70967,United States of America
200381,456 Jessica Well Apt. 122,Lake Marissa,Iowa,28304,United States of America
200382,0071 Garcia Oval Suite 612,Elizabethberg,Hawaii,35616,United States of America
200383,5933 Manning Shoals,Port Robertshire,Tennessee,90076,United States of America
200384,7714 Emily Cove,Terrellfort,Washington,92020,United States of America
200385,56347 Nicholas Camp,North Markville,North Dakota,88076,United States of America
200386,77812 Heather Keys,Haynesmouth,South Carolina,76152,United States of America
200387,00892 Cheryl Light,Lake Danielport,South Dakota,47212,United States of America
200388,3023 Nguyen Bridge,Webbville,Hawaii,90357,United States of America
200389,06777 Bennett Mountain,North Spencer,Tennessee,54007,United States of America
200390,65073 Williams Route Suite 078,Hendersonhaven,Idaho,1472,United States of America
200391,13860 Roy Ville Apt. 326,New Samuel,North Dakota,72905,United States of America
200392,6945 Zhang Landing Apt. 288,North John,New Hampshire,4373,United States of America
200393,3198 Hernandez Key,East Rachel,Arkansas,56165,United States of America
200394,684 Gail Viaduct,Deannachester,Idaho,36258,United States of America
200395,914 Frederick Creek Apt. 851,North Jamesland,New Mexico,50870,United States of America
200396,29523 Amanda Loaf,North Anita,Oregon,67939,United States of America
200397,46836 Angela Rue,New Julianmouth,New Mexico,4128,United States of America
200398,0600 Mary Club,Lewisstad,Arkansas,96467,United States of America
200399,972 Hatfield Plain,South Williambury,New York,99743,United States of America
200400,7685 Yoder Lock Suite 992,West Stephanie,New Jersey,29190,United States of America
200401,5383 Warner Causeway,Lake Jeremy,Texas,92938,United States of America
200402,14281 Rebecca Cove,Port Justinland,Georgia,10391,United States of America
200403,1480 Daniel Hollow,Joshuaport,Arizona,62210,United States of America
200404,334 Bridges Junction Suite 226,Davidville,Indiana,60240,United States of America
200405,430 Reynolds Road,Martinezside,Tennessee,8958,United States of America
200406,6287 Hector Hill,West Andrew,Idaho,4460,United States of America
200407,143 Beard Springs,West Robinville,New Mexico,73535,United States of America
200408,893 Carol Isle,North Teresastad,Indiana,89697,United States of America
200409,0295 Richard Mount,West Melissa,Nebraska,15765,United States of America
200410,2082 Casey Court,West Sarah,Delaware,36782,United States of America
200411,302 Abbott Divide Apt. 301,East Robertmouth,Illinois,80405,United States of America
200412,721 Thomas Forges,South Garyview,Virginia,68014,United States of America
200413,21427 Mcguire Glens,Tonitown,Missouri,27162,United States of America
200414,369 Nancy View,Williamsstad,Nebraska,28710,United States of America
200415,97399 Jason Shores,Richardfurt,Kansas,54275,United States of America
200416,2061 Harmon Forge Suite 216,New Meganside,Ohio,24409,United States of America
200417,925 Courtney Extensions Apt. 898,Lake Robert,Delaware,86411,United States of America
200418,9821 Hunter Cliff Apt. 881,New Juan,Oklahoma,61712,United States of America
200419,1257 Lauren Drives Suite 056,Churchshire,Indiana,42865,United States of America
200420,93764 Dickson Highway,South Jasonton,New Jersey,43552,United States of America
200421,478 Tate Shoals,Floresport,Iowa,22397,United States of America
200422,91206 Brenda Divide Suite 778,Nicoleview,Maine,18835,United States of America
200423,7727 Sanders Manor Apt. 739,Peterfort,Illinois,42934,United States of America
200424,64449 Martin Crossing,Hardyhaven,Oregon,89858,United States of America
200425,057 Turner Parkway Suite 282,New Katherine,Wyoming,63124,United States of America
200426,9176 Sierra Bridge Suite 386,New Mary,North Carolina,46110,United States of America
200427,132 Flores Corner,Clarkbury,South Dakota,93453,United States of America
200428,1675 Heather Camp,Stephanieside,Minnesota,3530,United States of America
200429,53520 Corey Heights Suite 518,Jordanborough,Mississippi,44563,United States of America
200430,45960 Jackson Lake Suite 382,Estradamouth,Indiana,18703,United States of America
200431,063 Ramos Roads,Anneview,West Virginia,33350,United States of America
200432,634 Rivera Falls,Lake Ashleyburgh,Mississippi,55205,United States of America
200433,3803 Tristan Key Apt. 522,West Justinhaven,North Dakota,13701,United States of America
200434,936 Daugherty Inlet,North Justinview,Colorado,22404,United States of America
200435,919 Juan Mews,Lake Christopherfort,New York,50856,United States of America
200436,716 Tina Ford Suite 780,South Julie,Vermont,79611,United States of America
200437,80961 Julie Forest,Brownport,New Mexico,85322,United States of America
200438,8690 Alexander Locks,New Andreamouth,Ohio,62764,United States of America
200439,554 Darryl Manor Apt. 065,New Steven,Georgia,80479,United States of America
200440,6726 Thomas Valleys,Brianchester,Maine,9172,United States of America
200441,992 Raymond Via Suite 782,South Kathleenstad,Ohio,96684,United States of America
200442,8569 Andrea Ramp Apt. 285,Fosterborough,Massachusetts,96224,United States of America
200443,45185 Kerr Wall Suite 010,South Brendaburgh,Kansas,9789,United States of America
200444,51832 Wright Brook,West Tylerland,Rhode Island,96857,United States of America
200445,09691 David Mountain Apt. 102,Mendozatown,Virginia,50955,United States of America
200446,760 Mitchell Stravenue,Barrerafurt,South Carolina,31449,United States of America
200447,134 Cervantes Shores,Brownfurt,New Hampshire,29106,United States of America
200448,750 Diamond Island,Lake Andrewtown,Tennessee,9382,United States of America
200449,67458 Kimberly Springs Suite 127,North Robertmouth,California,41935,United States of America
200450,52894 Calhoun Trail,South Garymouth,Illinois,56184,United States of America
200451,586 Scott Center Apt. 476,Lewisfort,Kentucky,78453,United States of America
200452,54894 Joseph Squares Suite 421,Lake Daleview,Mississippi,9114,United States of America
200453,46600 James Prairie,Lucastown,Arizona,42431,United States of America
200454,2441 Alexis Key Apt. 307,East Brianport,New Hampshire,4631,United States of America
200455,1461 Jenkins Rapids,Port Robin,New Jersey,30227,United States of America
200456,2369 James Heights Suite 820,Lake Michaelmouth,Maine,44937,United States of America
200457,09408 Brown Crescent Suite 678,Port Dawn,North Carolina,18637,United States of America
200458,8026 Harris Fields,Marshallland,Pennsylvania,47185,United States of America
200459,024 Mark Fork Suite 566,Reesebury,Kentucky,8023,United States of America
200460,03965 Holmes Ranch,West Lauren,Nebraska,23262,United States of America
200461,27883 James Trail,Michellechester,West Virginia,72725,United States of America
200462,86582 Wood Fort,Byrdland,Missouri,50550,United States of America
200463,296 Michael Springs Apt. 975,Stephensburgh,New York,27995,United States of America
200464,71319 Gomez Branch,Lake Duane,New Hampshire,98106,United States of America
200465,752 Michelle Street,Port Stevenside,Arkansas,39169,United States of America
200466,71900 Rebekah Row,Lake Richardview,North Carolina,56739,United States of America
200467,19101 Smith Rapid Suite 853,South Lauriemouth,North Dakota,65029,United States of America
200468,71681 Troy Port Apt. 706,New Antonioside,New Jersey,56186,United States of America
200469,93220 Evan Crossroad Apt. 519,Janetside,Massachusetts,74815,United States of America
200470,6490 Morrison Orchard Suite 102,Cunninghamville,Rhode Island,39414,United States of America
200471,084 Munoz Avenue Apt. 370,Pamelashire,Kansas,31753,United States of America
200472,8494 Elizabeth Ways,Smithmouth,Massachusetts,62870,United States of America
200473,21547 Andrew Views,Lake Caroline,North Carolina,79998,United States of America
200474,475 Martinez Island Suite 047,Lake Audrey,Hawaii,62362,United States of America
200475,6945 Ann Plains Apt. 165,West Lisa,New York,47296,United States of America
200476,57520 Walker Creek Apt. 345,Keithchester,North Dakota,15291,United States of America
200477,951 Hardy Orchard,Thomasmouth,Vermont,9524,United States of America
200478,16891 Baker Forges,Dawnville,North Dakota,13112,United States of America
200479,91004 Bishop Meadow,North Nicolasmouth,Ohio,12041,United States of America
200480,0027 Ramos Inlet Apt. 775,Laurenburgh,Oregon,47532,United States of America
200481,66992 Shelby Park,East Matthewland,North Carolina,65029,United States of America
200482,563 Stark Estates,Wrightstad,South Dakota,62874,United States of America
200483,5127 Ortega Forge,East Alexisshire,Connecticut,74117,United States of America
200484,17851 Sharp Meadow,Veronicaberg,Missouri,77743,United States of America
200485,09889 Brett Lights Apt. 344,South Melanieport,North Carolina,75561,United States of America
200486,6006 Kevin Grove,Lake Brianside,Missouri,17958,United States of America
200487,6303 Sims Alley,East Melissa,Oregon,27779,United States of America
200488,67923 Ramos Viaduct Suite 733,Bartlettport,California,55838,United States of America
200489,66222 Cynthia Lake,Lake Chelsea,Michigan,89397,United States of America
200490,16493 Wright Mill,Port Brent,Maryland,50531,United States of America
200491,14633 Wagner Dale Suite 210,Randallmouth,Ohio,5302,United States of America
200492,3287 Morrison Canyon,Port Mark,South Dakota,8941,United States of America
200493,8660 Williams Trace Suite 577,North Josephborough,Pennsylvania,13937,United States of America
200494,48536 Wiggins Stravenue Apt. 213,East Vanessaberg,Ohio,86002,United States of America
200495,7635 Brown Locks Suite 463,Port James,Hawaii,1437,United States of America
200496,59149 Daniel Fork,South Mark,Maine,43394,United States of America
200497,23316 Louis Crossroad,Williamtown,Mississippi,7358,United States of America
200498,4945 Jessica Bridge Suite 538,North Kiara,New Jersey,57795,United States of America
200499,9768 Howell Circles,New Matthew,Ohio,43772,United States of America
200500,905 Juan Forks Suite 029,Fieldsmouth,New Jersey,5972,United States of America
